EmployeeID,Age,Department,JobRole,MonthlyIncome,PerformanceRating,YearsAtCompany,JobSatisfaction,OverTime,CompanyRevenueDrop,DepartmentBudgetCut,Layoff
1001,23,Operations,Operations Manager,5753,2,7,2,Yes,0,1,0
1002,27,Sales,Sales Executive,5291,2,16,1,Yes,1,0,0
1003,39,Finance,Financial Manager,3553,2,13,3,No,0,0,0
1004,27,IT,Software Engineer,6612,1,11,3,No,0,1,0
1005,46,Marketing,Marketing Executive,4145,3,20,3,Yes,0,0,0
1006,40,Operations,Operations Manager,4153,2,3,4,No,1,1,1
1007,44,HR,HR Manager,5216,3,20,1,Yes,0,0,0
1008,39,Finance,Financial Analyst,8742,2,10,1,Yes,0,1,0
1009,26,Finance,Financial Analyst,5228,3,6,4,No,1,0,0
1010,37,IT,System Administrator,8098,3,18,4,No,1,0,0
1011,53,HR,Recruiter,4244,1,3,2,Yes,1,0,0
1012,51,Finance,Financial Analyst,7834,3,17,1,Yes,1,1,0
1013,49,Sales,Sales Manager,4795,4,0,3,Yes,0,1,0
1014,34,Operations,Support Specialist,4752,3,5,1,No,1,0,0
1015,41,Sales,Sales Manager,5461,1,7,1,Yes,1,0,0
1016,30,Marketing,Marketing Executive,8904,4,17,2,No,1,0,0
1017,34,Marketing,Content Strategist,6053,4,20,3,No,1,0,0
1018,26,HR,HR Executive,6269,1,18,2,Yes,0,0,0
1019,25,Operations,Support Specialist,5375,1,1,3,Yes,0,1,0
1020,35,Operations,Process Analyst,7917,2,18,4,Yes,1,1,1
1021,28,HR,HR Executive,8898,4,11,4,No,1,0,0
1022,28,Operations,Support Specialist,3996,4,10,1,Yes,0,0,0
1023,30,Marketing,SEO Specialist,6956,2,8,4,Yes,0,1,0
1024,25,Marketing,Marketing Executive,8842,1,2,2,Yes,1,1,1
1025,47,Finance,Accountant,3980,2,12,1,No,1,1,1
1026,53,IT,System Engineer,4768,2,9,2,Yes,0,1,0
1027,52,Sales,Sales Executive,7619,2,1,1,Yes,0,0,0
1028,47,Operations,Operations Manager,4482,2,18,1,Yes,1,1,1
1029,42,IT,System Administrator,5455,3,12,2,No,1,1,0
1030,51,Sales,Sales Executive,8588,1,2,2,No,0,1,0
1031,45,Sales,Sales Executive,5834,2,14,3,Yes,1,0,0
1032,29,HR,HR Manager,4376,2,8,3,Yes,1,0,0
1033,38,Operations,Support Specialist,7640,4,8,1,Yes,1,1,0
1034,43,Sales,Sales Executive,4571,3,5,4,No,0,0,0
1035,31,Sales,Account Manager,7969,1,11,2,No,0,0,0
1036,24,IT,Data Analyst,6431,2,7,1,No,1,0,0
1037,33,HR,HR Executive,6877,1,5,3,No,0,1,0
1038,28,HR,Recruiter,6633,1,15,2,Yes,1,1,1
1039,36,IT,System Administrator,3693,2,12,3,No,0,1,0
1040,43,IT,System Engineer,3726,1,8,2,No,0,0,0
1041,44,Marketing,SEO Specialist,6069,4,19,1,No,0,1,0
1042,49,Sales,Account Manager,3513,2,11,4,Yes,1,1,1
1043,41,Operations,Operations Manager,7654,3,13,3,No,1,0,0
1044,46,HR,HR Manager,4925,3,12,1,No,1,0,0
1045,42,Finance,Financial Manager,7309,4,14,2,No,0,0,0
1046,27,IT,Data Analyst,5424,3,7,2,Yes,0,0,0
1047,26,HR,HR Manager,7230,4,20,2,No,1,1,0
1048,22,HR,HR Executive,4373,4,7,2,No,0,0,0
1049,30,Sales,Sales Manager,7306,3,14,4,No,0,1,0
1050,37,Finance,Financial Analyst,8723,3,16,4,Yes,1,1,0
1051,40,Sales,Account Manager,5420,3,10,3,Yes,0,0,0
1052,31,HR,HR Manager,5252,1,13,4,No,1,1,1
1053,48,Sales,Sales Executive,6690,1,18,4,No,0,1,0
1054,48,IT,System Engineer,7909,2,15,2,No,1,1,1
1055,43,Sales,Sales Manager,8979,4,5,4,Yes,0,1,0
1056,23,Marketing,Content Strategist,4187,4,4,4,Yes,0,1,0
1057,35,Finance,Financial Analyst,7224,3,10,4,No,1,1,0
1058,23,Sales,Sales Manager,7918,1,11,2,Yes,0,0,0
1059,23,HR,HR Executive,8589,2,7,2,No,0,0,0
1060,38,Finance,Financial Manager,6521,2,19,1,Yes,1,0,0
1061,41,Marketing,Marketing Executive,8216,4,12,2,Yes,0,0,0
1062,29,Operations,Process Analyst,8136,1,11,4,No,0,1,0
1063,53,Sales,Sales Manager,4364,4,11,4,Yes,1,0,0
1064,39,Operations,Support Specialist,8545,4,14,4,No,1,0,0
1065,50,Sales,Sales Manager,5497,4,18,4,No,0,1,0
1066,53,IT,System Administrator,5237,3,8,3,No,1,0,0
1067,27,Marketing,Marketing Executive,5477,4,15,2,No,1,1,0
1068,40,Sales,Sales Executive,5315,4,7,3,No,1,1,0
1069,43,Finance,Financial Manager,6382,4,8,3,No,0,0,0
1070,42,Operations,Operations Manager,4479,2,6,2,No,1,1,1
1071,40,Sales,Sales Executive,5363,3,5,3,Yes,0,1,0
1072,40,Sales,Sales Executive,4534,4,3,1,No,1,1,0
1073,33,Finance,Financial Analyst,3920,3,15,1,Yes,1,1,0
1074,25,Sales,Account Manager,4742,2,18,3,Yes,0,0,0
1075,36,Marketing,SEO Specialist,7780,4,14,4,No,1,1,0
1076,25,Marketing,Content Strategist,8494,1,6,2,No,0,0,0
1077,26,HR,HR Executive,4782,1,13,4,No,1,0,0
1078,40,HR,HR Manager,7219,1,7,3,Yes,1,0,0
1079,31,Marketing,Marketing Executive,5676,2,2,1,Yes,1,1,1
1080,51,Finance,Accountant,5991,4,8,4,No,0,0,0
1081,42,Finance,Financial Manager,8445,3,0,1,Yes,0,1,0
1082,33,Marketing,Marketing Executive,7354,4,8,2,No,1,0,0
1083,48,Finance,Financial Analyst,6230,3,3,2,No,1,1,0
1084,24,IT,System Engineer,7225,1,10,3,No,0,1,0
1085,51,Marketing,Marketing Executive,6885,1,6,3,No,1,0,0
1086,30,HR,HR Manager,5859,4,15,1,Yes,0,0,0
1087,48,IT,Software Engineer,4263,2,3,4,Yes,0,1,0
1088,54,Operations,Process Analyst,5739,4,15,4,Yes,1,0,0
1089,54,Finance,Accountant,4618,1,8,4,No,1,0,0
1090,53,IT,Data Analyst,4717,4,17,4,No,1,1,0
1091,34,Finance,Financial Analyst,5456,4,7,4,Yes,1,1,0
1092,46,Operations,Process Analyst,8936,2,15,1,Yes,1,0,0
1093,55,Finance,Accountant,7243,1,4,4,Yes,0,1,0
1094,47,IT,Data Analyst,8823,1,10,4,No,1,0,0
1095,37,Marketing,Marketing Executive,8670,3,7,1,No,0,0,0
1096,41,Finance,Accountant,3737,1,10,1,No,1,1,1
1097,37,Finance,Accountant,7851,4,18,2,Yes,0,0,0
1098,37,Marketing,SEO Specialist,7576,2,7,4,No,1,1,1
1099,51,Operations,Operations Manager,5856,2,2,4,No,1,1,1
1100,51,Operations,Process Analyst,5974,2,12,4,Yes,0,1,0
1101,40,Marketing,SEO Specialist,5918,1,12,3,Yes,0,1,0
1102,44,IT,System Administrator,5294,2,19,3,Yes,0,0,0
1103,24,IT,System Engineer,8247,3,4,1,No,1,1,0
1104,30,HR,HR Executive,7918,3,16,3,Yes,1,1,0
1105,29,IT,Data Analyst,7336,1,4,2,No,1,0,0
1106,38,Finance,Accountant,7895,1,14,3,No,1,1,1
1107,36,Sales,Account Manager,7362,1,19,3,Yes,0,1,0
1108,48,Operations,Process Analyst,4455,2,1,1,No,1,0,0
1109,30,Sales,Sales Executive,6683,4,11,4,Yes,1,0,0
1110,48,Finance,Financial Manager,5791,1,11,2,No,1,0,0
1111,45,IT,Software Engineer,7960,3,1,4,No,0,0,0
1112,35,Finance,Accountant,8756,1,1,3,Yes,0,0,0
1113,35,Sales,Account Manager,8303,2,7,3,Yes,0,1,0
1114,38,HR,HR Executive,4929,1,0,2,Yes,1,0,0
1115,23,Marketing,SEO Specialist,4927,3,1,2,No,0,0,0
1116,45,Finance,Financial Analyst,7704,1,14,2,Yes,1,1,1
1117,25,Operations,Operations Manager,7423,4,13,1,No,1,0,0
1118,31,Sales,Sales Manager,4038,2,8,3,No,1,1,1
1119,49,Marketing,Content Strategist,4312,1,20,2,No,1,0,0
1120,51,Finance,Financial Analyst,6766,4,3,3,No,1,1,0
1121,52,IT,System Administrator,4049,1,2,1,No,0,1,0
1122,25,HR,Recruiter,8304,3,3,4,No,1,0,0
1123,44,IT,Data Analyst,4348,2,4,4,Yes,0,1,0
1124,29,Marketing,SEO Specialist,5782,2,13,1,No,0,0,0
1125,43,IT,Data Analyst,6375,1,5,2,No,0,0,0
1126,23,Operations,Support Specialist,4251,2,12,4,No,1,0,0
1127,42,IT,Data Analyst,8149,1,1,2,Yes,0,0,0
1128,49,IT,System Engineer,7478,4,13,3,Yes,0,1,0
1129,40,Finance,Accountant,8358,4,16,3,Yes,0,1,0
1130,22,Marketing,Marketing Executive,5174,3,6,2,No,1,1,0
1131,53,Sales,Sales Executive,7027,2,4,4,Yes,1,0,0
1132,24,Finance,Financial Manager,7073,1,14,1,No,1,1,1
1133,48,Operations,Support Specialist,5871,1,12,1,No,0,1,0
1134,27,Operations,Process Analyst,7077,1,7,4,No,0,1,0
1135,36,IT,Data Analyst,6228,2,2,1,Yes,1,1,1
1136,31,Operations,Support Specialist,5435,1,4,3,Yes,0,0,0
1137,33,Operations,Operations Manager,8644,4,14,4,No,1,0,0
1138,52,Finance,Accountant,7122,3,8,1,No,0,1,0
1139,24,Finance,Financial Analyst,3966,3,9,1,Yes,1,1,0
1140,24,Marketing,Content Strategist,7184,2,10,4,Yes,0,1,0
1141,27,Sales,Sales Manager,7633,2,1,2,No,1,0,0
1142,40,IT,Data Analyst,6673,4,10,1,No,0,1,0
1143,46,Sales,Account Manager,5827,3,19,2,No,0,0,0
1144,47,IT,Data Analyst,4556,1,9,4,No,0,0,0
1145,49,Operations,Support Specialist,7665,3,0,3,No,0,0,0
1146,34,IT,System Engineer,5355,2,4,1,No,0,0,0
1147,30,Operations,Process Analyst,8392,4,4,2,Yes,0,1,0
1148,45,Sales,Sales Manager,5445,4,19,3,No,0,0,0
1149,34,IT,System Engineer,6513,4,14,3,No,1,0,0
1150,30,HR,Recruiter,5548,1,20,4,No,0,0,0
1151,32,IT,Software Engineer,5734,4,16,2,No,0,0,0
1152,23,Finance,Financial Analyst,6898,1,12,3,Yes,1,0,0
1153,23,IT,System Administrator,6110,1,20,3,Yes,0,0,0
1154,30,IT,System Engineer,7342,4,19,1,Yes,0,1,0
1155,55,HR,HR Executive,6967,1,9,2,No,0,0,0
1156,51,HR,HR Manager,4014,1,15,1,Yes,0,1,0
1157,44,Finance,Accountant,5470,4,5,1,No,0,0,0
1158,24,Finance,Financial Analyst,8707,4,11,3,Yes,1,0,0
1159,28,IT,System Administrator,8266,3,4,1,No,1,0,0
1160,52,Operations,Process Analyst,8675,2,4,1,No,0,1,0
1161,34,HR,HR Executive,3843,3,9,4,No,1,0,0
1162,40,Operations,Operations Manager,6424,1,20,3,No,0,1,0
1163,50,Finance,Financial Analyst,6667,3,5,4,No,1,1,0
1164,49,Sales,Account Manager,4146,4,19,2,No,1,0,0
1165,40,Sales,Sales Manager,6010,4,19,4,Yes,1,1,0
1166,44,Finance,Accountant,8536,4,8,1,Yes,1,1,0
1167,32,Marketing,Content Strategist,3755,2,19,4,Yes,0,0,0
1168,45,HR,Recruiter,6466,4,18,1,Yes,1,1,0
1169,26,IT,System Engineer,8201,2,16,3,No,1,1,1
1170,23,HR,HR Executive,5024,4,16,4,Yes,1,1,0
1171,35,Operations,Process Analyst,8512,3,15,2,Yes,0,0,0
1172,50,Finance,Accountant,4219,3,11,1,No,1,0,0
1173,33,Operations,Support Specialist,6461,2,3,2,Yes,0,1,0
1174,45,Sales,Sales Manager,7328,2,19,1,Yes,1,1,1
1175,52,Operations,Support Specialist,7806,4,13,1,Yes,1,0,0
1176,55,Finance,Financial Analyst,6322,2,17,2,Yes,1,0,0
1177,31,Sales,Account Manager,5991,2,5,3,Yes,1,1,1
1178,34,Sales,Sales Manager,8702,3,4,3,Yes,0,0,0
1179,43,HR,Recruiter,8117,1,0,1,Yes,1,0,0
1180,23,Marketing,SEO Specialist,7579,3,20,3,No,0,1,0
1181,26,IT,System Engineer,3990,2,14,4,No,1,0,0
1182,42,IT,System Administrator,6115,3,12,2,No,0,1,0
1183,29,HR,HR Manager,5691,4,7,2,Yes,0,1,0
1184,48,Finance,Financial Manager,5533,2,10,3,Yes,0,1,0
1185,53,Marketing,SEO Specialist,6027,4,0,1,No,1,0,0
1186,44,HR,Recruiter,3898,1,9,4,No,1,0,0
1187,30,Sales,Sales Manager,5666,3,12,3,Yes,1,0,0
1188,34,Marketing,Content Strategist,6469,3,2,4,No,1,0,0
1189,47,HR,HR Executive,6557,3,17,3,Yes,0,1,0
1190,24,Marketing,Marketing Executive,3818,2,10,4,No,0,0,0
1191,32,IT,Data Analyst,6719,3,18,3,No,1,1,0
1192,43,Sales,Sales Manager,4397,4,18,3,Yes,1,1,0
1193,36,Operations,Support Specialist,3920,4,5,4,Yes,0,0,0
1194,29,Marketing,Content Strategist,5062,1,14,3,No,0,1,0
1195,48,Operations,Operations Manager,7610,4,1,2,Yes,1,1,0
1196,42,Marketing,SEO Specialist,4918,4,17,3,No,1,1,0
1197,39,HR,HR Executive,8071,3,7,3,No,0,1,0
1198,44,IT,System Engineer,8091,3,9,1,No,1,1,0
1199,24,HR,HR Manager,5856,1,11,4,No,1,0,0
1200,39,HR,Recruiter,8104,3,4,1,Yes,0,0,0
1201,36,Operations,Support Specialist,8726,2,1,1,No,1,1,1
1202,30,Sales,Account Manager,3542,2,13,4,No,0,1,0
1203,25,IT,Data Analyst,4232,2,17,1,Yes,1,0,0
1204,53,Sales,Sales Manager,5026,3,1,1,No,0,1,0
1205,55,IT,System Engineer,7546,2,16,4,No,0,0,0
1206,51,IT,System Administrator,8810,3,5,1,No,1,0,0
1207,47,HR,Recruiter,7003,3,2,4,Yes,0,0,0
1208,37,Finance,Financial Analyst,3555,3,12,2,No,1,1,0
1209,38,IT,Software Engineer,8854,3,7,1,Yes,1,1,0
1210,54,HR,HR Manager,6047,1,20,3,No,0,0,0
1211,31,HR,HR Manager,7227,3,13,4,Yes,0,0,0
1212,55,Marketing,SEO Specialist,6463,1,18,1,Yes,0,0,0
1213,55,HR,HR Manager,7119,1,6,4,Yes,1,0,0
1214,54,Finance,Accountant,6903,4,18,1,No,1,0,0
1215,22,Finance,Financial Analyst,5285,1,1,4,No,0,0,0
1216,24,Sales,Sales Manager,5851,4,5,2,No,1,1,0
1217,46,Finance,Financial Analyst,4157,2,20,3,Yes,0,1,0
1218,36,Marketing,Marketing Executive,3528,1,9,4,No,1,0,0
1219,44,HR,HR Manager,4770,3,6,1,Yes,1,0,0
1220,26,HR,HR Executive,4326,1,14,1,Yes,0,1,0
1221,35,Finance,Accountant,3962,2,16,3,Yes,1,1,1
1222,31,HR,HR Manager,8908,2,13,3,No,0,0,0
1223,49,Operations,Support Specialist,8053,4,1,3,No,1,1,0
1224,41,Finance,Accountant,6583,2,17,4,Yes,0,1,0
1225,51,Operations,Operations Manager,3972,4,13,2,No,0,1,0
1226,27,HR,HR Manager,7184,3,2,2,Yes,1,1,0
1227,24,Operations,Support Specialist,4096,2,18,2,No,0,1,0
1228,35,IT,Software Engineer,5056,1,15,2,Yes,1,0,0
1229,40,Marketing,SEO Specialist,6618,4,17,3,No,1,1,0
1230,51,Marketing,SEO Specialist,4307,4,10,2,No,1,1,0
1231,36,Sales,Account Manager,4695,1,8,4,No,0,0,0
1232,46,IT,System Administrator,8167,2,15,3,No,1,1,1
1233,44,Finance,Accountant,4886,2,17,4,Yes,0,0,0
1234,25,Sales,Account Manager,3552,4,4,2,Yes,0,0,0
1235,51,HR,Recruiter,6557,1,19,4,No,0,0,0
1236,48,Marketing,Content Strategist,3597,1,16,3,No,0,1,0
1237,28,HR,HR Executive,7795,2,7,2,No,1,1,1
1238,45,Finance,Accountant,6826,4,18,2,Yes,1,0,0
1239,24,Operations,Support Specialist,4265,4,12,4,No,0,0,0
1240,27,Operations,Operations Manager,7594,4,20,3,Yes,0,0,0
1241,52,HR,Recruiter,5720,1,2,3,Yes,0,1,0
1242,31,Sales,Sales Executive,6762,1,9,2,Yes,1,1,1
1243,30,Finance,Financial Manager,4142,3,1,1,No,0,0,0
1244,42,IT,System Engineer,3742,3,14,4,Yes,1,1,0
1245,46,Finance,Accountant,4202,3,7,1,Yes,1,0,0
1246,31,Finance,Financial Manager,6691,3,11,1,Yes,0,1,0
1247,39,Finance,Financial Analyst,4337,2,2,2,No,1,1,1
1248,27,Sales,Sales Executive,6399,1,19,3,No,0,1,0
1249,27,Finance,Financial Analyst,8083,2,18,2,No,0,0,0
1250,39,IT,Data Analyst,7539,2,2,2,No,1,1,1
1251,26,IT,System Engineer,6458,3,7,4,Yes,1,0,0
1252,22,HR,HR Manager,6741,3,19,4,No,1,1,0
1253,30,Finance,Financial Manager,5961,3,19,2,No,1,0,0
1254,40,Finance,Financial Analyst,8684,4,18,2,No,1,1,0
1255,29,Finance,Financial Analyst,8119,2,18,2,Yes,1,0,0
1256,26,Finance,Financial Analyst,6851,4,4,3,Yes,1,0,0
1257,46,Operations,Process Analyst,4105,4,19,4,No,1,0,0
1258,28,IT,Software Engineer,5533,3,5,1,No,1,1,0
1259,28,Sales,Sales Executive,5619,2,16,2,No,1,1,1
1260,54,Finance,Financial Manager,4734,3,0,4,Yes,1,1,0
1261,31,Sales,Sales Executive,6353,3,10,4,Yes,1,1,0
1262,50,Finance,Accountant,7206,3,2,3,Yes,0,0,0
1263,32,IT,Software Engineer,5498,2,17,2,No,1,1,1
1264,33,HR,HR Manager,5026,4,12,1,Yes,1,1,0
1265,35,Finance,Accountant,5185,3,2,1,Yes,1,1,0
1266,29,HR,HR Manager,5649,4,16,3,No,1,0,0
1267,51,IT,Data Analyst,8557,2,9,1,Yes,1,0,0
1268,29,HR,HR Manager,4999,3,4,4,No,0,1,0
1269,53,Finance,Accountant,8706,2,17,2,No,1,0,0
1270,50,HR,HR Manager,8574,1,11,1,No,0,0,0
1271,54,Finance,Financial Manager,8849,4,13,4,No,1,1,0
1272,23,HR,HR Executive,5306,3,1,3,Yes,1,0,0
1273,53,Finance,Financial Manager,8003,1,18,1,No,1,0,0
1274,35,Operations,Process Analyst,6982,1,20,2,No,0,1,0
1275,27,IT,Data Analyst,7096,1,7,2,No,1,0,0
1276,35,Marketing,Marketing Executive,5195,1,18,3,No,0,1,0
1277,40,Operations,Process Analyst,8191,3,16,1,Yes,1,0,0
1278,30,IT,System Administrator,5545,2,10,2,No,1,0,0
1279,39,Marketing,Content Strategist,8643,4,12,4,Yes,0,1,0
1280,39,Marketing,Content Strategist,6523,4,15,3,Yes,0,1,0
1281,44,Operations,Support Specialist,4018,4,6,4,Yes,1,1,0
1282,43,IT,Data Analyst,7983,2,18,4,No,0,0,0
1283,51,Sales,Account Manager,3633,1,5,4,No,0,1,0
1284,30,HR,Recruiter,8824,3,5,3,Yes,1,1,0
1285,32,Sales,Sales Manager,3924,4,20,3,Yes,1,0,0
1286,22,Operations,Operations Manager,5248,4,2,2,Yes,1,0,0
1287,43,Sales,Account Manager,4487,4,4,4,Yes,0,1,0
1288,28,Sales,Account Manager,4345,3,11,3,Yes,1,0,0
1289,31,Operations,Support Specialist,4060,1,19,2,No,1,0,0
1290,31,Operations,Support Specialist,6872,4,6,1,Yes,0,0,0
1291,46,Marketing,Content Strategist,6379,4,10,2,Yes,1,0,0
1292,40,HR,Recruiter,3719,3,6,2,No,1,0,0
1293,46,HR,HR Manager,4423,2,15,1,Yes,1,1,1
1294,48,HR,HR Manager,6493,2,15,1,Yes,0,0,0
1295,24,IT,System Administrator,3995,4,16,3,No,1,1,0
1296,31,Sales,Account Manager,5773,1,9,1,Yes,0,1,0
1297,26,Finance,Financial Manager,6040,4,7,1,Yes,0,1,0
1298,25,Sales,Sales Manager,6033,2,3,1,Yes,0,0,0
1299,55,Finance,Financial Analyst,7737,3,5,3,Yes,1,0,0
1300,49,Sales,Sales Manager,5728,1,8,1,No,1,1,1
1301,32,Sales,Sales Manager,6512,2,8,1,Yes,0,0,0
1302,37,Sales,Sales Executive,3876,4,11,4,Yes,0,0,0
1303,48,Marketing,Content Strategist,5339,3,7,4,No,1,0,0
1304,29,Marketing,SEO Specialist,7612,1,5,2,Yes,1,0,0
1305,41,Finance,Financial Analyst,6181,1,17,4,Yes,1,0,0
1306,37,IT,Data Analyst,7300,3,18,4,Yes,0,0,0
1307,23,Sales,Sales Manager,5408,3,20,1,No,0,1,0
1308,41,Operations,Support Specialist,4351,2,16,2,No,1,0,0
1309,39,HR,Recruiter,4262,1,7,4,No,1,0,0
1310,54,Marketing,Marketing Executive,4593,4,2,1,No,0,0,0
1311,42,IT,Data Analyst,6719,3,10,4,No,0,0,0
1312,28,HR,HR Executive,4773,1,5,4,No,1,1,1
1313,44,Sales,Account Manager,5200,4,9,4,No,0,0,0
1314,41,HR,Recruiter,8442,1,6,3,Yes,0,0,0
1315,54,IT,System Engineer,3901,3,8,2,Yes,1,1,0
1316,37,Marketing,Content Strategist,4275,4,3,2,Yes,0,0,0
1317,34,HR,HR Executive,6781,3,20,1,No,0,0,0
1318,50,Sales,Sales Executive,4555,1,10,1,Yes,1,0,0
1319,49,HR,Recruiter,6735,4,0,4,No,0,1,0
1320,39,HR,HR Executive,5792,4,4,1,Yes,1,1,0
1321,52,Finance,Financial Manager,3999,1,8,4,Yes,1,0,0
1322,37,Operations,Support Specialist,8667,1,12,3,No,1,1,1
1323,42,Marketing,Content Strategist,6681,3,5,1,No,0,0,0
1324,52,IT,Software Engineer,7837,3,18,2,Yes,0,0,0
1325,39,Operations,Operations Manager,7871,1,7,4,No,0,0,0
1326,42,HR,Recruiter,6439,1,11,2,Yes,1,1,1
1327,24,HR,HR Manager,4239,1,7,2,Yes,1,0,0
1328,30,IT,System Administrator,6291,2,10,1,Yes,0,0,0
1329,45,Sales,Account Manager,4094,3,12,1,No,1,1,0
1330,49,HR,HR Executive,8736,4,20,3,Yes,1,0,0
1331,33,Operations,Support Specialist,6599,3,9,2,Yes,0,1,0
1332,33,Marketing,Marketing Executive,8434,3,19,2,Yes,1,0,0
1333,37,IT,Software Engineer,6341,3,5,1,No,1,0,0
1334,37,IT,System Administrator,4055,3,8,1,Yes,0,1,0
1335,48,Finance,Financial Manager,4862,4,15,4,No,1,0,0
1336,36,Finance,Financial Manager,4832,4,2,1,No,0,1,0
1337,26,IT,Software Engineer,6300,2,12,2,Yes,0,1,0
1338,52,Marketing,Content Strategist,3753,4,20,2,No,0,0,0
1339,35,Sales,Sales Manager,5056,4,17,3,No,1,0,0
1340,47,Sales,Sales Executive,8183,4,4,1,No,0,1,0
1341,52,Sales,Sales Manager,5135,1,0,2,Yes,1,0,0
1342,41,Finance,Accountant,6756,4,15,3,Yes,1,0,0
1343,45,IT,System Engineer,5028,4,1,3,No,1,1,0
1344,25,HR,HR Manager,4738,1,2,3,No,0,0,0
1345,48,Finance,Financial Manager,7886,4,18,2,No,1,0,0
1346,24,Finance,Financial Manager,7613,2,3,4,Yes,0,0,0
1347,24,HR,HR Executive,6968,1,13,2,Yes,1,1,1
1348,27,Operations,Operations Manager,6679,4,17,3,No,1,0,0
1349,55,Operations,Support Specialist,6937,1,13,2,Yes,0,0,0
1350,40,Marketing,Marketing Executive,7887,3,13,3,No,1,1,0
1351,39,Sales,Sales Executive,6801,2,19,4,Yes,1,1,1
1352,25,Operations,Operations Manager,7392,3,11,1,No,1,1,0
1353,28,IT,System Engineer,5367,2,9,4,No,1,1,1
1354,27,Marketing,Content Strategist,5039,4,6,4,No,1,0,0
1355,26,Marketing,Marketing Executive,6048,4,4,1,Yes,0,0,0
1356,24,Sales,Sales Executive,7239,1,11,2,No,1,1,1
1357,29,Marketing,SEO Specialist,3750,2,11,4,No,0,1,0
1358,44,Marketing,Content Strategist,6320,2,8,1,No,0,1,0
1359,35,Sales,Sales Executive,5313,2,6,3,No,0,0,0
1360,33,Finance,Accountant,8424,1,7,3,No,1,1,1
1361,51,Finance,Financial Analyst,5564,2,14,3,No,0,0,0
1362,45,Marketing,Content Strategist,8099,3,9,1,No,0,1,0
1363,39,IT,Data Analyst,5639,3,6,2,Yes,0,1,0
1364,30,Operations,Process Analyst,3708,4,9,3,No,1,1,0
1365,34,Operations,Operations Manager,6311,2,17,4,No,1,0,0
1366,33,Operations,Support Specialist,5906,1,15,2,No,0,1,0
1367,36,Operations,Operations Manager,6410,2,9,4,No,1,1,1
1368,51,Marketing,SEO Specialist,4464,4,1,1,No,0,0,0
1369,55,Operations,Process Analyst,5944,4,1,2,Yes,0,1,0
1370,51,Finance,Financial Manager,4673,3,5,1,No,1,0,0
1371,22,IT,Software Engineer,7203,3,6,2,Yes,1,0,0
1372,49,HR,Recruiter,8689,4,12,4,No,1,0,0
1373,34,Sales,Account Manager,6556,1,10,2,Yes,0,0,0
1374,44,HR,Recruiter,6056,2,3,4,No,0,0,0
1375,40,Sales,Sales Manager,7234,3,13,2,No,1,1,0
1376,47,HR,HR Executive,3656,2,7,2,Yes,0,0,0
1377,24,Sales,Sales Manager,6573,3,17,1,Yes,0,0,0
1378,29,Sales,Account Manager,6914,4,12,1,No,1,0,0
1379,22,HR,Recruiter,5966,4,3,3,Yes,1,0,0
1380,29,Marketing,Content Strategist,5815,1,3,4,Yes,0,1,0
1381,44,Marketing,Marketing Executive,6856,3,5,1,No,0,1,0
1382,22,IT,System Administrator,3604,1,3,4,Yes,0,0,0
1383,28,Operations,Support Specialist,5596,2,14,3,No,1,0,0
1384,24,Sales,Sales Executive,5880,3,10,4,Yes,0,0,0
1385,32,Sales,Sales Executive,6192,3,14,3,Yes,1,1,0
1386,47,HR,HR Executive,6778,4,8,4,No,1,0,0
1387,25,Sales,Sales Executive,4805,1,13,4,No,0,1,0
1388,30,IT,Software Engineer,7457,4,3,4,No,0,0,0
1389,22,IT,Data Analyst,7799,2,10,1,No,0,1,0
1390,31,IT,System Engineer,8073,1,0,2,No,1,0,0
1391,42,Sales,Sales Manager,5473,3,8,1,Yes,1,1,0
1392,51,HR,HR Executive,7138,4,2,4,No,1,0,0
1393,23,Finance,Financial Manager,4340,4,13,1,Yes,0,1,0
1394,35,Marketing,Content Strategist,8862,4,10,3,Yes,0,1,0
1395,45,IT,System Engineer,7207,1,3,2,Yes,1,1,1
1396,55,Operations,Process Analyst,6562,1,1,2,No,0,1,0
1397,34,Sales,Sales Manager,5036,1,12,2,No,0,1,0
1398,24,Sales,Sales Manager,8687,1,14,4,Yes,1,0,0
1399,25,Marketing,Content Strategist,8032,4,18,4,Yes,0,0,0
1400,42,Sales,Sales Manager,7629,4,13,2,No,1,1,0
1401,30,IT,System Engineer,4631,4,19,3,No,0,0,0
1402,40,HR,Recruiter,6328,2,20,2,No,0,1,0
1403,48,Marketing,SEO Specialist,7873,3,13,1,Yes,0,1,0
1404,25,HR,HR Executive,5137,3,5,3,No,0,0,0
1405,35,Operations,Process Analyst,7933,1,11,4,Yes,0,1,0
1406,40,HR,Recruiter,8943,1,12,4,No,1,0,0
1407,38,Sales,Account Manager,5163,4,7,3,Yes,0,1,0
1408,26,Finance,Accountant,5031,2,16,1,No,0,1,0
1409,30,IT,Data Analyst,4818,3,0,3,No,0,0,0
1410,25,HR,HR Manager,8623,3,15,3,Yes,1,0,0
1411,26,HR,Recruiter,7638,2,13,4,Yes,1,0,0
1412,43,HR,Recruiter,6212,3,9,2,No,0,0,0
1413,50,Operations,Process Analyst,5468,2,1,3,No,0,1,0
1414,23,IT,Data Analyst,7734,3,16,4,No,0,1,0
1415,42,Operations,Operations Manager,7709,1,3,2,Yes,0,0,0
1416,35,Operations,Support Specialist,6975,1,6,4,Yes,0,0,0
1417,43,Finance,Financial Manager,3810,1,2,1,Yes,1,0,0
1418,38,Marketing,Marketing Executive,6839,4,14,4,No,1,0,0
1419,29,Finance,Financial Manager,7881,1,20,1,Yes,0,1,0
1420,40,Marketing,Marketing Executive,5968,1,9,4,No,1,0,0
1421,36,Finance,Accountant,4617,4,17,3,Yes,1,1,0
1422,31,Sales,Account Manager,4509,1,0,4,Yes,1,0,0
1423,44,Operations,Support Specialist,5234,4,20,2,Yes,0,0,0
1424,34,Marketing,SEO Specialist,4438,2,18,1,No,0,1,0
1425,38,Operations,Operations Manager,4304,2,18,4,No,1,0,0
1426,37,Operations,Support Specialist,4319,3,19,1,Yes,1,1,0
1427,41,Finance,Financial Analyst,8285,2,18,3,No,1,0,0
1428,37,Sales,Sales Manager,5314,4,8,3,Yes,1,1,0
1429,44,Finance,Financial Analyst,6002,4,17,1,Yes,0,1,0
1430,34,HR,Recruiter,5656,1,2,1,Yes,1,0,0
1431,38,Sales,Account Manager,7952,4,20,2,No,1,0,0
1432,40,Marketing,Content Strategist,4596,4,16,1,No,1,0,0
1433,32,Operations,Operations Manager,7711,2,14,2,Yes,0,1,0
1434,36,IT,Software Engineer,7494,2,2,3,No,0,0,0
1435,55,Operations,Operations Manager,6459,4,15,4,Yes,0,1,0
1436,55,Sales,Account Manager,8690,3,8,2,No,1,1,0
1437,26,Marketing,Content Strategist,7732,3,12,2,No,1,1,0
1438,22,Finance,Financial Analyst,7611,2,14,2,Yes,0,1,0
1439,33,HR,HR Executive,4789,3,19,1,Yes,1,1,0
1440,52,Operations,Operations Manager,7422,4,6,2,No,0,0,0
1441,32,Sales,Sales Executive,4603,1,18,2,Yes,0,1,0
1442,47,HR,Recruiter,8409,1,9,1,Yes,1,1,1
1443,36,Finance,Accountant,6865,2,18,2,No,0,1,0
1444,26,Finance,Financial Manager,5382,4,12,2,Yes,0,0,0
1445,48,Marketing,Content Strategist,4725,1,5,4,Yes,0,0,0
1446,30,Finance,Financial Manager,8443,1,20,4,No,1,0,0
1447,49,Operations,Support Specialist,5379,4,12,3,Yes,1,0,0
1448,36,IT,System Engineer,4186,3,19,4,No,0,0,0
1449,22,Operations,Support Specialist,8234,1,16,1,No,0,1,0
1450,28,Finance,Financial Analyst,4767,4,20,3,No,1,1,0
1451,47,Marketing,SEO Specialist,5168,4,17,4,Yes,1,1,0
1452,44,IT,Data Analyst,6761,2,3,2,No,0,0,0
1453,47,HR,Recruiter,6272,1,5,4,Yes,0,0,0
1454,49,Finance,Financial Manager,4222,1,8,2,No,0,0,0
1455,47,Operations,Process Analyst,8529,3,19,1,Yes,1,1,0
1456,55,Sales,Sales Executive,5842,2,1,2,Yes,0,1,0
1457,22,HR,Recruiter,4789,1,8,4,No,1,1,1
1458,55,Marketing,Marketing Executive,3625,1,2,3,No,1,1,1
1459,34,HR,Recruiter,7225,4,18,1,No,0,1,0
1460,26,Marketing,Marketing Executive,7621,3,10,1,No,1,1,0
1461,52,Finance,Financial Manager,5492,3,14,4,Yes,1,0,0
1462,46,IT,Software Engineer,8690,2,7,3,No,1,0,0
1463,37,Operations,Process Analyst,5853,1,12,3,Yes,0,1,0
1464,35,IT,Data Analyst,8199,3,5,2,No,0,0,0
1465,38,Operations,Operations Manager,5193,2,6,2,No,0,0,0
1466,53,Sales,Sales Executive,8528,1,17,1,No,1,1,1
1467,39,Finance,Financial Manager,7520,2,16,3,No,0,0,0
1468,49,Sales,Account Manager,7418,1,16,3,No,0,1,0
1469,55,Sales,Account Manager,7268,3,0,1,Yes,1,0,0
1470,38,IT,Data Analyst,5033,3,7,3,No,1,1,0
1471,49,HR,HR Manager,5224,4,11,3,No,1,1,0
1472,30,HR,Recruiter,8217,2,3,3,Yes,1,1,1
1473,31,HR,HR Executive,7374,1,5,4,No,0,1,0
1474,38,Finance,Financial Analyst,8105,1,12,1,Yes,0,0,0
1475,28,IT,System Engineer,7185,3,8,3,No,1,1,0
1476,29,Sales,Sales Manager,6376,2,18,2,No,1,1,1
1477,53,Operations,Support Specialist,7161,1,12,3,No,0,0,0
1478,48,Operations,Process Analyst,8671,4,2,1,Yes,1,0,0
1479,40,IT,Data Analyst,5691,4,8,4,No,1,1,0
1480,23,HR,HR Executive,4524,2,8,1,Yes,0,1,0
1481,26,Sales,Sales Executive,7376,1,0,4,Yes,0,1,0
1482,27,Marketing,Marketing Executive,8864,4,9,2,Yes,1,1,0
1483,30,Operations,Operations Manager,7815,2,0,1,No,1,1,1
1484,39,Finance,Financial Manager,7993,4,4,2,No,1,1,0
1485,36,IT,System Engineer,4233,4,9,3,No,1,0,0
1486,22,IT,Software Engineer,7787,2,11,3,No,0,1,0
1487,22,Finance,Financial Analyst,7026,3,19,2,Yes,1,0,0
1488,49,Finance,Financial Manager,6733,2,5,4,No,0,1,0
1489,37,Sales,Sales Manager,7732,3,9,3,No,0,0,0
1490,40,HR,HR Executive,4404,4,19,4,No,1,0,0
1491,31,IT,Software Engineer,3906,1,5,1,No,1,0,0
1492,22,Operations,Process Analyst,5407,1,4,1,No,0,1,0
1493,53,Finance,Financial Analyst,6542,4,1,3,Yes,0,0,0
1494,26,IT,System Engineer,7949,4,5,2,No,1,0,0
1495,37,Sales,Account Manager,6652,4,7,1,Yes,1,0,0
1496,35,Marketing,Content Strategist,7373,4,9,3,Yes,0,0,0
1497,41,IT,System Engineer,5127,3,1,2,Yes,0,1,0
1498,32,IT,Software Engineer,5761,1,12,2,Yes,0,1,0
1499,31,Operations,Support Specialist,6542,1,7,2,No,0,1,0
1500,25,Operations,Operations Manager,6412,2,17,1,Yes,1,0,0
1501,50,IT,Data Analyst,5080,1,12,3,Yes,1,0,0
1502,50,Finance,Financial Manager,8079,3,17,4,Yes,0,1,0
1503,39,IT,System Engineer,8404,2,2,2,No,1,1,1
1504,51,Marketing,SEO Specialist,3505,4,5,1,No,0,1,0
1505,46,Operations,Operations Manager,5055,4,17,2,No,1,1,0
1506,29,Operations,Process Analyst,4288,1,1,2,Yes,0,0,0
1507,34,Sales,Sales Manager,4308,1,18,4,No,1,0,0
1508,26,IT,System Administrator,3607,2,20,4,Yes,1,0,0
1509,45,IT,System Engineer,3977,3,16,1,Yes,1,0,0
1510,28,HR,Recruiter,4329,2,17,4,Yes,0,0,0
1511,33,Marketing,Content Strategist,8074,4,3,3,No,1,0,0
1512,47,HR,HR Executive,7634,3,5,4,No,1,1,0
1513,49,IT,System Engineer,6149,2,18,2,No,1,1,1
1514,47,Finance,Financial Analyst,3501,1,9,1,Yes,1,0,0
1515,35,IT,System Administrator,6079,1,8,2,Yes,0,1,0
1516,30,IT,System Administrator,5670,3,18,2,Yes,1,1,0
1517,47,Sales,Account Manager,8161,2,2,3,No,0,1,0
1518,28,Operations,Support Specialist,8376,3,1,4,Yes,0,1,0
1519,48,IT,System Engineer,4487,2,20,1,No,0,1,0
1520,42,Marketing,Marketing Executive,7923,2,10,2,Yes,0,1,0
1521,54,Finance,Financial Manager,4237,2,13,3,No,0,0,0
1522,52,IT,Software Engineer,8181,1,17,4,No,0,1,0
1523,30,Marketing,SEO Specialist,4604,4,17,2,No,1,0,0
1524,55,Marketing,Content Strategist,5517,2,2,3,No,1,0,0
1525,48,Sales,Account Manager,6969,3,11,2,No,1,0,0
1526,44,IT,System Administrator,8548,4,19,2,No,0,0,0
1527,45,HR,Recruiter,4777,1,3,1,Yes,0,1,0
1528,29,Sales,Sales Manager,5999,4,15,1,No,0,0,0
1529,55,HR,Recruiter,5618,4,19,2,Yes,1,0,0
1530,25,IT,System Administrator,5826,2,19,3,Yes,1,0,0
1531,39,Sales,Sales Manager,8931,3,3,1,No,1,0,0
1532,28,Finance,Financial Manager,6084,4,19,1,Yes,0,1,0
1533,23,Marketing,Content Strategist,3825,2,16,3,No,1,1,1
1534,23,Operations,Operations Manager,6340,3,11,3,Yes,1,0,0
1535,46,Operations,Process Analyst,3741,3,7,2,No,1,0,0
1536,46,Sales,Account Manager,7765,2,13,2,Yes,1,1,1
1537,50,Marketing,SEO Specialist,7941,2,6,2,Yes,0,1,0
1538,55,Operations,Support Specialist,4607,4,4,2,No,0,0,0
1539,31,HR,HR Manager,3741,3,13,4,No,1,1,0
1540,28,HR,HR Executive,4577,2,0,3,Yes,0,0,0
1541,44,Operations,Operations Manager,4151,4,4,4,No,0,1,0
1542,30,Finance,Financial Analyst,4841,2,7,1,No,0,1,0
1543,34,Finance,Accountant,5175,1,5,4,No,1,1,1
1544,47,HR,HR Manager,3842,4,10,4,Yes,0,1,0
1545,37,Finance,Accountant,7749,4,1,4,Yes,0,1,0
1546,41,Finance,Financial Analyst,5842,4,5,4,No,0,0,0
1547,50,Finance,Financial Manager,4240,1,5,2,No,1,1,1
1548,33,Finance,Accountant,7216,2,14,1,No,1,0,0
1549,29,Operations,Support Specialist,4247,1,14,3,Yes,1,0,0
1550,46,Finance,Financial Manager,3859,2,10,2,Yes,0,0,0
1551,48,Operations,Operations Manager,6023,3,14,3,Yes,0,0,0
1552,38,HR,HR Executive,3600,4,15,4,Yes,1,0,0
1553,52,HR,Recruiter,7217,4,14,1,Yes,0,1,0
1554,35,Marketing,Content Strategist,3900,2,4,1,No,0,0,0
1555,41,Sales,Account Manager,6212,1,1,1,No,0,0,0
1556,33,Operations,Process Analyst,7230,3,1,1,No,1,1,0
1557,49,Finance,Accountant,8009,1,9,4,Yes,0,1,0
1558,55,IT,System Engineer,5219,2,19,1,Yes,0,1,0
1559,40,Operations,Support Specialist,6998,3,8,3,Yes,1,1,0
1560,36,Finance,Accountant,5879,2,0,1,Yes,1,0,0
1561,48,Operations,Operations Manager,6891,1,10,3,Yes,0,0,0
1562,38,Operations,Process Analyst,4055,3,9,3,Yes,0,1,0
1563,23,IT,System Engineer,4938,2,10,3,No,1,0,0
1564,52,Operations,Operations Manager,4772,4,17,3,No,1,0,0
1565,42,Marketing,SEO Specialist,8048,1,6,3,No,0,0,0
1566,43,IT,Software Engineer,6573,2,18,4,Yes,0,1,0
1567,24,Operations,Process Analyst,5724,4,2,4,Yes,1,1,0
1568,55,IT,System Administrator,5976,2,3,3,Yes,0,0,0
1569,23,Finance,Financial Manager,7453,2,6,3,No,1,1,1
1570,55,HR,HR Executive,4587,2,1,4,No,0,0,0
1571,27,IT,Software Engineer,6230,4,1,1,No,0,1,0
1572,42,Operations,Operations Manager,5142,2,9,3,No,1,0,0
1573,32,IT,System Administrator,5741,1,0,1,Yes,1,1,1
1574,40,IT,System Administrator,8202,2,5,1,No,1,1,1
1575,23,Sales,Sales Executive,7356,1,3,4,Yes,0,1,0
1576,50,Finance,Accountant,8548,3,9,3,Yes,0,1,0
1577,27,Marketing,Marketing Executive,7336,1,14,3,No,1,0,0
1578,38,HR,HR Executive,6477,4,5,3,No,1,1,0
1579,52,Sales,Sales Executive,4424,3,15,4,Yes,1,1,0
1580,30,Marketing,Content Strategist,7661,1,12,1,No,0,1,0
1581,47,Marketing,SEO Specialist,8337,4,7,2,Yes,1,1,0
1582,35,Sales,Sales Manager,8341,4,13,3,Yes,0,0,0
1583,53,Operations,Support Specialist,4436,4,10,1,No,0,1,0
1584,28,Finance,Accountant,8385,4,10,4,Yes,0,0,0
1585,22,HR,Recruiter,4701,2,14,3,No,1,0,0
1586,42,HR,Recruiter,5955,3,13,3,Yes,0,1,0
1587,25,HR,HR Manager,6524,1,0,3,Yes,1,0,0
1588,47,HR,HR Manager,8621,3,12,4,No,1,0,0
1589,52,Operations,Operations Manager,4639,2,17,4,No,1,0,0
1590,30,IT,System Administrator,3595,1,20,1,Yes,1,1,1
1591,30,HR,HR Executive,8761,4,14,4,Yes,1,1,0
1592,46,Marketing,SEO Specialist,6410,2,5,4,Yes,1,0,0
1593,39,Operations,Support Specialist,6865,3,1,1,No,1,0,0
1594,27,Marketing,SEO Specialist,4663,3,14,1,Yes,0,1,0
1595,26,Operations,Support Specialist,8691,3,19,1,No,0,1,0
1596,52,Finance,Financial Manager,8201,3,13,3,No,1,0,0
1597,41,Sales,Account Manager,8117,3,1,4,Yes,0,1,0
1598,23,Operations,Support Specialist,5849,4,2,2,Yes,1,1,0
1599,39,HR,Recruiter,5754,3,0,1,Yes,0,1,0
1600,38,IT,System Administrator,5434,4,5,1,No,0,0,0
1601,53,Marketing,Marketing Executive,6882,4,7,4,Yes,0,1,0
1602,38,Sales,Account Manager,4450,1,5,4,No,1,1,1
1603,36,Finance,Financial Manager,6611,4,15,3,Yes,1,0,0
1604,46,IT,System Engineer,6086,1,3,3,No,1,1,1
1605,28,IT,Data Analyst,5591,4,14,2,Yes,1,0,0
1606,22,IT,Software Engineer,4056,1,13,1,Yes,1,1,1
1607,40,HR,Recruiter,5563,2,1,1,Yes,0,0,0
1608,29,Marketing,Content Strategist,4482,1,19,2,No,0,0,0
1609,38,Operations,Operations Manager,5913,4,2,4,No,1,1,0
1610,26,IT,System Administrator,5771,1,12,4,No,0,1,0
1611,50,IT,System Administrator,4068,4,6,4,Yes,1,0,0
1612,49,HR,Recruiter,5289,1,14,3,Yes,0,0,0
1613,38,Sales,Account Manager,7152,1,15,2,Yes,0,1,0
1614,43,IT,System Administrator,6705,1,16,4,No,1,1,1
1615,36,Operations,Operations Manager,3527,4,15,1,No,1,1,0
1616,27,Finance,Accountant,6492,3,2,4,No,0,0,0
1617,46,Marketing,Marketing Executive,8912,2,9,4,Yes,1,1,1
1618,50,Sales,Account Manager,5052,2,1,2,Yes,0,1,0
1619,41,Finance,Accountant,7593,4,0,1,No,0,1,0
1620,47,Operations,Operations Manager,4468,2,20,4,Yes,0,0,0
1621,31,Sales,Account Manager,7505,1,15,1,Yes,0,0,0
1622,25,HR,Recruiter,6017,1,14,2,Yes,0,0,0
1623,36,Finance,Financial Manager,4016,2,13,3,No,1,0,0
1624,30,Operations,Support Specialist,6134,2,1,2,No,0,0,0
1625,48,IT,System Administrator,4876,3,17,2,No,0,0,0
1626,46,HR,HR Executive,4792,1,15,1,Yes,0,0,0
1627,40,Sales,Account Manager,6909,4,4,2,Yes,1,1,0
1628,33,Finance,Accountant,8501,1,19,2,No,0,1,0
1629,22,IT,System Engineer,8068,2,6,1,Yes,1,0,0
1630,35,Finance,Financial Manager,5764,1,6,1,Yes,1,1,1
1631,24,HR,HR Executive,3942,3,9,2,No,1,1,0
1632,24,Marketing,SEO Specialist,4355,1,17,2,Yes,0,1,0
1633,26,Marketing,Marketing Executive,5427,4,18,3,No,0,1,0
1634,42,HR,HR Executive,5365,1,7,4,Yes,1,0,0
1635,53,Sales,Sales Manager,3945,4,4,2,No,0,1,0
1636,51,IT,System Administrator,5090,3,8,2,No,0,0,0
1637,25,Operations,Support Specialist,5798,2,3,4,No,1,0,0
1638,40,IT,System Administrator,8444,2,20,2,Yes,0,1,0
1639,35,Marketing,SEO Specialist,8346,4,14,3,Yes,1,0,0
1640,49,HR,HR Manager,8246,2,18,2,Yes,1,0,0
1641,54,Sales,Sales Manager,3775,4,16,4,No,0,1,0
1642,27,Finance,Accountant,8075,1,13,2,Yes,1,1,1
1643,27,HR,Recruiter,3630,4,9,2,No,0,1,0
1644,47,Finance,Accountant,5015,3,20,4,Yes,0,1,0
1645,55,Operations,Process Analyst,3767,3,13,3,Yes,0,1,0
1646,54,Operations,Operations Manager,6481,1,3,4,No,1,0,0
1647,33,IT,Data Analyst,8809,1,17,2,Yes,1,0,0
1648,52,Marketing,Marketing Executive,8252,2,7,3,No,1,1,1
1649,26,IT,Software Engineer,6554,3,14,4,Yes,1,1,0
1650,45,Finance,Financial Manager,4037,2,14,1,Yes,1,0,0
1651,28,IT,Software Engineer,4849,3,3,2,No,0,0,0
1652,23,Marketing,Content Strategist,5901,4,17,2,No,1,1,0
1653,23,Finance,Financial Manager,5888,2,2,1,Yes,1,1,1
1654,42,Marketing,SEO Specialist,7482,4,14,3,Yes,1,0,0
1655,52,IT,System Administrator,6546,3,1,2,No,1,1,0
1656,32,HR,Recruiter,7885,3,5,2,Yes,0,0,0
1657,42,Sales,Sales Executive,8206,2,14,3,No,0,0,0
1658,24,Marketing,Content Strategist,8952,3,11,2,No,1,0,0
1659,29,Marketing,SEO Specialist,3704,4,15,2,No,1,0,0
1660,54,Sales,Account Manager,6213,3,15,3,Yes,1,1,0
1661,52,Operations,Operations Manager,3828,2,17,1,No,0,1,0
1662,50,Marketing,Marketing Executive,6427,1,10,1,Yes,0,1,0
1663,27,HR,HR Executive,7910,4,2,4,Yes,1,1,0
1664,54,Marketing,Content Strategist,3959,3,12,2,No,1,1,0
1665,40,IT,Software Engineer,6325,3,9,4,Yes,0,1,0
1666,50,Operations,Process Analyst,5864,2,13,4,Yes,0,0,0
1667,52,HR,HR Manager,7803,3,2,4,Yes,0,1,0
1668,48,Operations,Process Analyst,4932,4,18,2,Yes,0,1,0
1669,24,IT,System Engineer,5973,3,15,4,Yes,0,0,0
1670,41,HR,HR Manager,8747,4,3,3,No,0,1,0
1671,37,Operations,Support Specialist,3733,1,8,4,Yes,1,1,1
1672,38,Marketing,SEO Specialist,8644,4,3,3,Yes,1,0,0
1673,31,Marketing,Marketing Executive,6118,4,4,3,Yes,0,1,0
1674,44,IT,System Engineer,3899,3,9,1,Yes,0,0,0
1675,42,Marketing,Marketing Executive,6090,3,8,3,Yes,1,0,0
1676,55,Sales,Sales Executive,5805,3,15,4,No,0,0,0
1677,54,HR,HR Executive,5311,2,17,1,No,1,0,0
1678,23,Sales,Sales Executive,7428,3,9,3,Yes,1,1,0
1679,41,HR,Recruiter,3735,1,7,2,Yes,0,1,0
1680,30,HR,HR Executive,4143,4,3,1,Yes,1,1,0
1681,28,Sales,Sales Executive,3768,1,15,1,No,0,0,0
1682,28,IT,Software Engineer,4514,2,18,2,Yes,1,0,0
1683,39,Sales,Sales Executive,8249,3,11,2,Yes,0,0,0
1684,55,Marketing,Marketing Executive,5277,2,9,2,Yes,0,0,0
1685,52,Marketing,Content Strategist,6502,2,14,1,Yes,1,1,1
1686,54,Finance,Accountant,5364,4,3,3,Yes,1,0,0
1687,53,Marketing,Marketing Executive,6459,3,17,1,Yes,1,1,0
1688,40,Sales,Sales Manager,7243,3,14,2,No,1,1,0
1689,52,HR,HR Executive,6510,2,0,4,Yes,1,1,1
1690,27,Marketing,Content Strategist,4476,2,12,4,Yes,0,0,0
1691,43,IT,System Administrator,5140,4,3,2,No,1,1,0
1692,39,Operations,Support Specialist,8774,4,11,4,No,1,1,0
1693,28,HR,HR Manager,4500,3,15,4,Yes,0,0,0
1694,25,Sales,Account Manager,4058,4,0,2,No,1,0,0
1695,26,IT,Software Engineer,8915,4,14,2,No,1,1,0
1696,43,Marketing,SEO Specialist,7928,1,1,4,Yes,1,1,1
1697,50,IT,System Engineer,7265,1,1,2,No,0,1,0
1698,41,Finance,Accountant,6687,4,3,4,No,1,0,0
1699,47,Marketing,Marketing Executive,5657,4,18,4,No,1,1,0
1700,24,Sales,Sales Executive,4550,3,11,1,No,1,0,0
1701,44,Finance,Financial Analyst,6874,3,1,2,Yes,0,1,0
1702,26,Marketing,Marketing Executive,5997,1,10,2,Yes,1,0,0
1703,49,Finance,Financial Manager,8153,4,8,1,No,0,1,0
1704,46,Finance,Financial Manager,6141,1,15,1,Yes,1,1,1
1705,43,Marketing,Content Strategist,4865,3,11,4,Yes,1,0,0
1706,40,Marketing,Marketing Executive,5672,1,9,4,Yes,0,0,0
1707,39,Marketing,SEO Specialist,4051,4,13,2,No,0,1,0
1708,49,Marketing,SEO Specialist,8935,3,6,4,No,1,1,0
1709,33,Operations,Support Specialist,3652,2,18,4,Yes,1,1,1
1710,49,Operations,Support Specialist,8137,1,16,2,No,1,0,0
1711,41,HR,HR Executive,7066,4,10,1,Yes,1,1,0
1712,38,IT,System Administrator,8425,2,12,2,Yes,0,0,0
1713,41,Sales,Sales Executive,7302,4,17,4,No,0,0,0
1714,30,HR,HR Manager,3738,3,8,2,Yes,1,0,0
1715,42,Sales,Sales Executive,8428,3,2,4,No,0,1,0
1716,37,Operations,Operations Manager,4416,1,16,3,No,0,0,0
1717,42,Marketing,Marketing Executive,6197,4,7,4,Yes,0,0,0
1718,39,HR,HR Executive,7100,4,8,1,No,1,0,0
1719,52,IT,System Engineer,5518,3,4,3,No,1,1,0
1720,24,Sales,Account Manager,8924,1,7,3,No,1,1,1
1721,37,Operations,Operations Manager,7124,4,0,4,No,1,0,0
1722,35,HR,HR Manager,4812,4,20,3,No,0,1,0
1723,52,Sales,Sales Manager,6882,3,13,1,Yes,1,0,0
1724,42,IT,System Engineer,7213,1,1,2,No,0,0,0
1725,41,Finance,Accountant,6070,1,3,2,Yes,0,1,0
1726,52,IT,System Engineer,4593,3,5,3,No,0,0,0
1727,33,Finance,Financial Analyst,6723,4,18,2,Yes,0,0,0
1728,34,Sales,Sales Manager,5644,2,1,4,No,1,0,0
1729,32,Sales,Sales Manager,8146,1,0,4,No,1,0,0
1730,35,HR,Recruiter,5060,3,9,4,No,0,1,0
1731,35,HR,Recruiter,5818,2,13,2,No,0,0,0
1732,37,IT,Data Analyst,8560,4,7,3,No,0,0,0
1733,42,Finance,Accountant,6756,2,12,4,No,0,0,0
1734,25,Marketing,Marketing Executive,6226,2,15,3,Yes,0,1,0
1735,46,Marketing,Content Strategist,5978,4,11,2,Yes,0,1,0
1736,53,HR,Recruiter,6278,4,4,1,No,1,0,0
1737,42,IT,Software Engineer,3861,2,15,3,No,1,1,1
1738,55,IT,Data Analyst,6064,4,5,3,No,0,1,0
1739,31,Sales,Sales Executive,3947,2,5,1,No,1,0,0
1740,49,Operations,Process Analyst,4450,4,1,4,No,1,1,0
1741,31,Finance,Accountant,4512,3,2,2,No,0,0,0
1742,39,Operations,Support Specialist,8114,2,18,1,Yes,1,0,0
1743,28,HR,HR Manager,6192,1,9,1,No,1,0,0
1744,23,IT,System Administrator,4164,4,15,4,No,0,1,0
1745,50,Sales,Account Manager,6161,2,6,1,No,1,0,0
1746,46,Operations,Operations Manager,4258,4,8,2,Yes,1,0,0
1747,32,Sales,Sales Executive,6682,4,9,2,Yes,1,1,0
1748,41,Finance,Financial Manager,8443,2,11,1,No,0,1,0
1749,52,Finance,Financial Analyst,5699,4,2,4,No,0,1,0
1750,27,Operations,Process Analyst,3831,3,14,2,Yes,1,0,0
1751,49,IT,System Engineer,4148,4,9,2,Yes,1,0,0
1752,40,Marketing,SEO Specialist,8157,1,17,1,Yes,0,1,0
1753,51,Finance,Accountant,8913,3,11,3,Yes,0,0,0
1754,51,Operations,Support Specialist,4970,2,12,1,Yes,1,1,1
1755,50,IT,System Engineer,8610,3,10,2,Yes,0,0,0
1756,38,Operations,Support Specialist,4371,4,17,1,Yes,1,0,0
1757,52,Sales,Sales Executive,7269,4,19,4,No,1,1,0
1758,30,IT,Software Engineer,4606,1,6,1,Yes,0,0,0
1759,31,HR,HR Manager,8822,2,13,2,Yes,1,1,1
1760,49,HR,HR Manager,3678,1,5,2,No,1,1,1
1761,37,Sales,Sales Manager,5149,3,18,4,Yes,1,0,0
1762,49,Sales,Account Manager,6905,4,18,3,Yes,1,1,0
1763,53,Finance,Financial Manager,5399,1,16,1,No,1,0,0
1764,52,IT,System Engineer,4457,4,19,3,No,1,0,0
1765,34,HR,HR Manager,7344,3,14,2,Yes,1,1,0
1766,46,HR,HR Manager,6914,3,15,2,Yes,1,0,0
1767,30,Operations,Process Analyst,4919,2,5,4,Yes,1,1,1
1768,35,IT,System Administrator,8061,1,0,3,No,1,0,0
1769,24,HR,Recruiter,4021,3,13,1,Yes,0,0,0
1770,43,Finance,Financial Analyst,6410,1,17,3,Yes,0,0,0
1771,29,Finance,Financial Analyst,4367,1,17,1,Yes,0,0,0
1772,32,HR,HR Manager,5893,4,16,4,Yes,0,1,0
1773,29,IT,System Administrator,5153,4,13,1,Yes,1,1,0
1774,27,IT,System Administrator,5679,3,13,3,Yes,0,1,0
1775,49,HR,HR Executive,6886,4,14,3,Yes,1,0,0
1776,55,Sales,Account Manager,4070,1,10,3,No,0,1,0
1777,24,Sales,Sales Manager,8908,2,18,1,No,1,1,1
1778,41,Operations,Support Specialist,6069,3,0,3,Yes,1,1,0
1779,50,Operations,Operations Manager,6328,4,6,3,Yes,0,1,0
1780,30,Finance,Financial Manager,7763,3,6,1,No,1,0,0
1781,38,Sales,Sales Executive,5477,3,13,1,Yes,1,1,0
1782,44,Operations,Support Specialist,4514,1,20,1,No,1,0,0
1783,37,Finance,Financial Analyst,8264,2,11,3,No,0,1,0
1784,37,Marketing,Content Strategist,4362,3,16,2,No,1,0,0
1785,49,HR,Recruiter,6875,1,2,1,No,0,1,0
1786,26,HR,HR Manager,6525,4,18,4,No,1,1,0
1787,53,Finance,Financial Manager,6915,2,4,2,No,1,0,0
1788,55,Operations,Support Specialist,4467,2,14,4,Yes,0,1,0
1789,48,Sales,Account Manager,4403,1,11,3,Yes,0,0,0
1790,45,IT,Data Analyst,5984,3,15,1,Yes,0,1,0
1791,40,Sales,Sales Manager,5266,2,15,1,Yes,1,0,0
1792,52,Sales,Sales Manager,8194,3,18,4,No,1,1,0
1793,30,Operations,Support Specialist,4634,4,14,4,Yes,1,0,0
1794,48,Marketing,Content Strategist,6672,2,12,3,Yes,1,1,1
1795,32,Operations,Operations Manager,3703,3,17,1,Yes,0,0,0
1796,34,Marketing,Content Strategist,7398,1,3,2,Yes,1,0,0
1797,50,HR,Recruiter,4193,3,12,1,No,0,1,0
1798,48,Finance,Accountant,3697,3,12,3,Yes,0,0,0
1799,40,Marketing,Marketing Executive,4679,2,8,1,Yes,1,1,1
1800,25,Operations,Operations Manager,8533,3,5,1,Yes,1,1,0
1801,31,Sales,Sales Manager,6881,3,8,4,Yes,0,0,0
1802,37,HR,Recruiter,7538,4,3,3,Yes,1,1,0
1803,26,Marketing,SEO Specialist,7466,1,13,2,Yes,1,0,0
1804,30,HR,Recruiter,5995,4,14,1,Yes,0,1,0
1805,37,Marketing,Marketing Executive,7903,4,17,4,Yes,0,1,0
1806,32,Marketing,SEO Specialist,3504,1,15,3,No,1,1,1
1807,54,Operations,Operations Manager,5804,1,5,1,No,0,1,0
1808,30,Operations,Operations Manager,8058,3,13,2,No,1,1,0
1809,39,Operations,Process Analyst,5514,3,10,2,No,1,0,0
1810,22,Operations,Operations Manager,8487,4,0,1,Yes,1,1,0
1811,27,Finance,Financial Manager,8817,1,17,1,No,0,1,0
1812,44,Finance,Financial Manager,6668,2,0,1,No,1,0,0
1813,36,Finance,Accountant,3662,3,11,2,Yes,1,0,0
1814,45,HR,HR Manager,3801,3,15,2,Yes,0,1,0
1815,54,Sales,Sales Manager,7546,2,17,2,Yes,0,0,0
1816,30,Operations,Operations Manager,5626,2,16,3,Yes,0,1,0
1817,51,Operations,Support Specialist,3516,4,20,1,No,1,1,0
1818,55,IT,Software Engineer,7322,4,11,1,Yes,0,1,0
1819,50,Finance,Financial Manager,6090,1,12,2,No,0,0,0
1820,49,Operations,Operations Manager,4109,2,6,2,No,1,0,0
1821,28,Operations,Support Specialist,3728,4,13,1,No,1,0,0
1822,37,Sales,Sales Manager,6291,1,10,2,Yes,1,0,0
1823,29,Operations,Process Analyst,4200,1,1,4,No,0,0,0
1824,25,Sales,Sales Manager,5969,4,2,1,Yes,0,1,0
1825,28,Finance,Financial Analyst,8556,4,7,1,No,1,1,0
1826,28,Finance,Financial Manager,6282,1,14,3,Yes,0,0,0
1827,26,Sales,Account Manager,8356,2,18,2,No,1,1,1
1828,50,Finance,Financial Manager,5023,2,4,1,Yes,0,1,0
1829,54,Marketing,SEO Specialist,8838,3,9,2,Yes,1,1,0
1830,40,Marketing,SEO Specialist,6521,1,16,2,Yes,0,0,0
1831,34,Finance,Financial Analyst,5141,2,2,3,Yes,1,1,1
1832,43,Marketing,Content Strategist,8238,3,19,3,No,1,0,0
1833,24,Sales,Sales Manager,7562,2,0,2,Yes,1,0,0
1834,43,HR,HR Manager,6579,2,12,2,Yes,1,0,0
1835,23,Sales,Sales Manager,8044,1,4,3,No,0,1,0
1836,34,Sales,Sales Executive,5120,3,5,2,No,0,1,0
1837,33,Marketing,Marketing Executive,5105,1,5,3,Yes,0,0,0
1838,29,Finance,Financial Manager,6272,2,9,4,Yes,1,1,1
1839,55,Operations,Operations Manager,8605,4,2,1,Yes,0,0,0
1840,46,HR,Recruiter,6565,3,19,4,Yes,0,0,0
1841,31,Marketing,SEO Specialist,6184,2,1,3,Yes,1,0,0
1842,52,Operations,Operations Manager,8935,1,5,4,No,1,1,1
1843,45,HR,HR Manager,7804,4,15,4,No,1,0,0
1844,34,HR,HR Executive,7203,2,12,2,No,1,1,1
1845,45,Marketing,Marketing Executive,5585,1,4,1,No,1,1,1
1846,24,HR,Recruiter,7311,3,13,4,No,1,1,0
1847,42,IT,System Engineer,5736,4,0,2,No,0,1,0
1848,44,Operations,Operations Manager,4175,3,16,1,No,0,0,0
1849,45,Sales,Sales Executive,3813,2,10,2,No,1,1,1
1850,39,Operations,Support Specialist,5061,2,17,3,Yes,1,1,1
1851,47,IT,System Engineer,8250,1,15,2,No,0,0,0
1852,35,Operations,Support Specialist,7386,2,16,4,No,1,0,0
1853,49,IT,System Administrator,6921,2,14,4,Yes,1,0,0
1854,41,Marketing,Marketing Executive,3579,4,11,3,Yes,1,1,0
1855,41,Operations,Process Analyst,6171,1,18,1,Yes,0,1,0
1856,47,Marketing,Content Strategist,6623,2,12,1,No,0,1,0
1857,50,Sales,Sales Manager,8734,3,2,2,Yes,0,0,0
1858,53,Operations,Support Specialist,3719,2,6,1,No,1,0,0
1859,55,HR,HR Manager,4073,4,1,3,Yes,0,1,0
1860,32,Finance,Financial Analyst,4407,2,17,4,No,0,1,0
1861,35,HR,HR Executive,6037,4,15,2,No,0,1,0
1862,22,IT,System Administrator,4668,4,2,4,Yes,1,1,0
1863,24,Finance,Financial Analyst,4246,3,20,4,No,1,1,0
1864,48,Marketing,Marketing Executive,5540,2,19,4,No,1,0,0
1865,28,Operations,Support Specialist,6723,1,7,2,No,1,0,0
1866,35,Operations,Support Specialist,7542,4,17,1,No,0,0,0
1867,48,Marketing,SEO Specialist,7194,2,8,2,Yes,1,0,0
1868,51,Sales,Account Manager,6622,3,12,2,No,0,0,0
1869,30,IT,Software Engineer,6179,4,15,4,Yes,0,0,0
1870,30,Operations,Process Analyst,7356,3,5,2,Yes,0,0,0
1871,47,IT,Software Engineer,4879,1,0,3,Yes,1,1,1
1872,24,HR,HR Executive,7860,2,14,1,Yes,1,1,1
1873,22,Finance,Accountant,3898,4,6,2,No,0,0,0
1874,48,Sales,Sales Executive,3728,1,10,2,Yes,0,0,0
1875,32,Operations,Operations Manager,3860,4,16,1,No,1,0,0
1876,47,Marketing,Marketing Executive,7005,1,7,2,Yes,1,1,1
1877,47,HR,HR Executive,8857,3,0,4,Yes,1,0,0
1878,39,Sales,Account Manager,8824,3,1,1,Yes,1,1,0
1879,28,Marketing,SEO Specialist,7892,2,8,1,No,1,0,0
1880,42,IT,System Administrator,8958,4,2,3,Yes,1,1,0
1881,36,Marketing,Content Strategist,7624,1,7,1,Yes,1,0,0
1882,37,Operations,Process Analyst,8577,1,1,2,No,1,1,1
1883,46,HR,HR Executive,5174,1,7,4,No,0,1,0
1884,55,IT,Software Engineer,6898,3,0,2,No,1,0,0
1885,25,HR,Recruiter,8947,2,7,4,No,0,1,0
1886,26,Operations,Operations Manager,7527,1,6,1,Yes,0,0,0
1887,35,Sales,Sales Executive,5435,1,13,4,No,0,0,0
1888,33,HR,HR Manager,8463,2,9,3,No,0,1,0
1889,45,Finance,Accountant,6762,4,5,4,No,1,1,0
1890,23,HR,HR Manager,6624,4,2,3,Yes,0,1,0
1891,41,Finance,Financial Analyst,7215,3,12,4,Yes,1,0,0
1892,34,Operations,Process Analyst,4767,2,0,1,No,1,1,1
1893,45,Finance,Financial Analyst,6646,4,9,1,No,0,0,0
1894,32,Finance,Financial Manager,5091,4,8,3,No,1,0,0
1895,49,Operations,Process Analyst,5521,2,15,1,No,0,0,0
1896,31,IT,System Engineer,5583,2,19,2,Yes,0,0,0
1897,46,Operations,Support Specialist,6757,1,16,2,No,0,1,0
1898,54,IT,Data Analyst,7867,4,18,3,No,0,0,0
1899,44,Operations,Support Specialist,4669,3,6,4,No,0,0,0
1900,28,Finance,Accountant,4072,4,16,4,No,1,0,0
1901,33,HR,HR Manager,4600,2,15,2,Yes,1,0,0
1902,25,HR,HR Executive,4996,2,8,4,No,0,0,0
1903,27,Sales,Sales Manager,6594,1,8,1,No,0,0,0
1904,28,Finance,Financial Analyst,3577,1,8,1,Yes,0,0,0
1905,46,Marketing,Marketing Executive,8439,3,15,4,No,1,1,0
1906,42,IT,Data Analyst,5462,3,12,4,Yes,1,1,0
1907,51,Sales,Sales Executive,6791,2,0,1,No,0,1,0
1908,52,Finance,Financial Manager,7718,4,6,1,No,0,1,0
1909,42,Sales,Account Manager,7139,2,19,4,No,0,1,0
1910,28,Finance,Financial Analyst,6652,3,19,2,Yes,0,0,0
1911,41,Finance,Accountant,7995,4,5,4,Yes,1,0,0
1912,32,HR,HR Executive,8904,1,3,4,Yes,0,1,0
1913,36,Finance,Financial Analyst,5610,4,3,2,No,0,1,0
1914,26,HR,Recruiter,8775,3,12,4,No,0,0,0
1915,40,IT,Software Engineer,4218,1,2,3,Yes,0,1,0
1916,46,HR,HR Manager,8226,1,9,1,Yes,1,1,1
1917,30,IT,Data Analyst,7757,2,3,4,Yes,1,1,1
1918,36,HR,HR Manager,7594,4,4,3,Yes,0,1,0
1919,39,IT,Software Engineer,8201,4,20,2,No,1,1,0
1920,31,Sales,Sales Manager,5225,2,1,2,No,1,1,1
1921,23,Operations,Operations Manager,7988,4,10,4,No,1,1,0
1922,55,Finance,Accountant,5818,3,6,4,Yes,0,1,0
1923,41,Marketing,Marketing Executive,7248,2,18,2,No,1,1,1
1924,35,HR,HR Executive,5102,1,11,1,Yes,1,1,1
1925,25,Operations,Operations Manager,4286,3,15,2,Yes,0,1,0
1926,31,Marketing,SEO Specialist,8636,4,7,1,Yes,0,1,0
1927,33,Finance,Financial Analyst,8847,4,2,4,No,1,1,0
1928,29,IT,Software Engineer,4455,1,3,4,Yes,0,1,0
1929,33,IT,Software Engineer,6645,4,20,4,No,0,0,0
1930,33,IT,Software Engineer,6820,1,12,4,Yes,0,0,0
1931,33,Operations,Operations Manager,8407,2,0,4,No,0,0,0
1932,35,HR,Recruiter,8846,2,2,3,Yes,0,0,0
1933,45,Marketing,SEO Specialist,7959,2,13,1,Yes,1,0,0
1934,50,Marketing,SEO Specialist,4645,4,10,3,Yes,0,0,0
1935,34,HR,HR Executive,4660,3,6,2,Yes,1,1,0
1936,49,HR,Recruiter,4109,3,8,4,Yes,1,1,0
1937,49,Sales,Sales Manager,4673,2,2,3,Yes,1,0,0
1938,42,Finance,Accountant,7052,4,0,2,Yes,1,0,0
1939,48,Marketing,Marketing Executive,4040,3,20,1,No,1,1,0
1940,39,HR,HR Executive,3580,1,12,2,No,0,0,0
1941,41,HR,Recruiter,8323,4,3,3,No,1,0,0
1942,42,Sales,Sales Executive,6691,2,11,4,No,0,1,0
1943,54,Sales,Account Manager,4773,2,4,4,No,0,1,0
1944,48,Operations,Operations Manager,7250,2,14,3,No,1,1,1
1945,36,Finance,Financial Manager,6000,1,9,4,No,0,0,0
1946,37,Sales,Account Manager,4267,2,18,1,Yes,1,1,1
1947,54,Sales,Sales Manager,4617,4,15,1,No,0,0,0
1948,49,Operations,Operations Manager,7877,3,7,1,No,0,0,0
1949,45,HR,HR Executive,4592,3,1,4,No,1,0,0
1950,43,IT,Software Engineer,5546,1,9,3,No,1,1,1
1951,47,HR,HR Executive,5281,3,20,1,No,1,0,0
1952,51,IT,Software Engineer,6191,3,11,1,Yes,1,0,0
1953,22,Finance,Financial Analyst,4330,4,15,2,Yes,0,1,0
1954,22,Sales,Sales Manager,4774,3,7,4,No,1,1,0
1955,33,IT,System Engineer,7894,3,3,4,No,0,0,0
1956,22,IT,System Engineer,6442,2,3,2,No,0,0,0
1957,43,Finance,Financial Analyst,3758,2,6,4,No,0,1,0
1958,53,Finance,Financial Manager,4543,3,12,4,Yes,0,0,0
1959,31,Sales,Sales Executive,6319,1,7,1,No,1,0,0
1960,40,Finance,Financial Analyst,5811,4,2,4,Yes,0,0,0
1961,29,HR,HR Manager,5658,2,13,2,No,0,0,0
1962,31,HR,Recruiter,5379,1,4,4,Yes,1,0,0
1963,23,HR,HR Manager,8550,2,2,1,No,1,1,1
1964,36,Operations,Support Specialist,5316,3,13,4,Yes,1,0,0
1965,39,IT,Software Engineer,6478,3,11,4,Yes,1,0,0
1966,22,HR,HR Executive,3927,3,6,3,No,1,0,0
1967,38,Finance,Accountant,7524,3,10,3,Yes,0,0,0
1968,30,Operations,Support Specialist,6213,3,11,3,Yes,1,0,0
1969,27,Marketing,SEO Specialist,4371,2,20,1,Yes,0,0,0
1970,28,Operations,Process Analyst,4113,3,9,4,Yes,0,0,0
1971,48,HR,HR Executive,8009,3,17,3,No,1,0,0
1972,52,Finance,Accountant,6932,1,5,3,Yes,1,0,0
1973,34,Marketing,Marketing Executive,6756,4,17,1,Yes,1,1,0
1974,47,Marketing,SEO Specialist,8474,3,6,2,Yes,0,0,0
1975,22,Marketing,Content Strategist,7700,4,16,3,No,0,1,0
1976,29,Operations,Process Analyst,4901,2,1,2,No,0,0,0
1977,39,IT,System Administrator,3922,2,6,1,Yes,1,1,1
1978,38,IT,Software Engineer,4594,4,19,3,No,0,0,0
1979,39,IT,System Administrator,4947,3,0,1,No,1,0,0
1980,42,Finance,Accountant,5701,2,18,4,Yes,1,0,0
1981,49,Operations,Support Specialist,6519,2,15,1,No,0,1,0
1982,34,HR,HR Executive,8166,4,5,3,Yes,1,0,0
1983,34,HR,HR Manager,4068,2,2,4,Yes,1,1,1
1984,55,Sales,Account Manager,4624,1,19,1,No,1,0,0
1985,24,Sales,Sales Executive,4582,2,2,3,Yes,0,0,0
1986,43,Sales,Account Manager,4196,2,4,4,No,0,1,0
1987,31,IT,System Engineer,5497,1,17,3,Yes,0,0,0
1988,40,Sales,Account Manager,4340,4,4,1,Yes,0,0,0
1989,31,Finance,Financial Analyst,6394,3,7,4,Yes,1,0,0
1990,28,Sales,Sales Executive,5808,3,2,3,Yes,1,0,0
1991,31,Sales,Account Manager,4958,4,16,3,Yes,1,0,0
1992,41,Operations,Support Specialist,8618,3,11,1,No,1,1,0
1993,22,IT,Software Engineer,4717,2,10,2,No,1,1,1
1994,49,Sales,Sales Executive,5781,2,2,3,Yes,0,1,0
1995,53,IT,Data Analyst,6972,4,13,3,Yes,0,1,0
1996,53,Finance,Financial Manager,7913,4,17,2,No,0,1,0
1997,36,Marketing,Content Strategist,4214,2,11,1,Yes,0,1,0
1998,30,Marketing,SEO Specialist,4402,1,11,3,Yes,1,1,1
1999,48,HR,Recruiter,5486,2,7,1,Yes,0,0,0
2000,23,Finance,Financial Manager,6979,3,1,1,Yes,1,0,0
2001,45,Sales,Sales Executive,4657,1,7,1,Yes,1,0,0
2002,30,HR,HR Manager,7820,3,15,4,No,1,0,0
2003,31,IT,Software Engineer,3991,1,19,2,Yes,0,1,0
2004,51,Finance,Financial Manager,8039,3,18,3,Yes,1,0,0
2005,55,IT,Software Engineer,6592,2,6,4,Yes,0,1,0
2006,26,HR,Recruiter,7337,4,10,4,No,0,0,0
2007,34,IT,System Engineer,5711,1,3,1,No,1,0,0
2008,32,HR,HR Manager,7936,1,2,2,Yes,1,0,0
2009,24,Marketing,Marketing Executive,5468,3,2,1,No,0,0,0
2010,41,IT,Software Engineer,3569,3,9,4,Yes,1,1,0
2011,30,Operations,Process Analyst,4297,3,13,1,Yes,0,1,0
2012,24,Finance,Financial Manager,5876,2,4,4,Yes,0,0,0
2013,31,HR,Recruiter,4819,3,14,2,No,1,1,0
2014,24,Marketing,SEO Specialist,6675,2,6,1,Yes,1,0,0
2015,41,Sales,Sales Executive,7982,1,15,1,No,1,0,0
2016,26,IT,System Administrator,5794,3,11,1,Yes,0,1,0
2017,38,IT,System Engineer,7121,2,3,4,Yes,1,1,1
2018,30,Finance,Financial Analyst,7111,3,16,3,No,0,1,0
2019,38,Marketing,SEO Specialist,3849,1,7,1,Yes,0,1,0
2020,47,Finance,Accountant,4097,2,12,4,Yes,1,1,1
2021,51,Finance,Financial Manager,4393,1,5,1,No,1,0,0
2022,26,Finance,Financial Analyst,6099,3,19,4,Yes,1,0,0
2023,24,IT,System Engineer,7965,2,15,2,Yes,1,0,0
2024,25,Marketing,SEO Specialist,6461,4,15,2,Yes,0,0,0
2025,39,Operations,Process Analyst,5564,2,2,2,Yes,1,1,1
2026,50,Sales,Sales Manager,6938,2,8,2,Yes,0,1,0
2027,32,IT,Data Analyst,5126,3,13,4,No,0,1,0
2028,22,IT,System Engineer,8094,2,2,2,No,1,0,0
2029,31,HR,HR Manager,7591,3,3,4,No,0,1,0
2030,50,HR,Recruiter,8734,1,1,2,Yes,1,0,0
2031,35,Marketing,SEO Specialist,6351,2,6,1,No,1,0,0
2032,54,IT,Data Analyst,4521,4,20,4,No,1,1,0
2033,55,IT,System Engineer,6251,1,5,4,No,1,0,0
2034,32,Marketing,Content Strategist,7946,4,12,3,No,1,0,0
2035,27,Sales,Sales Executive,8821,1,19,4,Yes,1,0,0
2036,54,Operations,Process Analyst,8261,1,9,4,Yes,0,1,0
2037,29,Marketing,SEO Specialist,5102,4,3,3,No,1,1,0
2038,36,Sales,Sales Manager,7657,3,8,3,No,1,0,0
2039,24,Sales,Sales Manager,3627,1,4,3,No,1,0,0
2040,37,Marketing,SEO Specialist,8052,4,6,4,Yes,1,0,0
2041,33,Operations,Process Analyst,6802,3,16,2,No,0,0,0
2042,54,Operations,Operations Manager,4469,4,20,3,Yes,1,0,0
2043,23,Sales,Sales Executive,7083,1,20,2,Yes,0,1,0
2044,30,Sales,Account Manager,7216,3,5,2,Yes,1,0,0
2045,46,Marketing,Marketing Executive,5633,1,8,1,Yes,0,0,0
2046,29,Sales,Sales Manager,4377,2,9,3,Yes,0,0,0
2047,35,Finance,Financial Analyst,6701,1,15,1,No,0,1,0
2048,35,Operations,Operations Manager,6939,4,10,4,Yes,0,1,0
2049,24,Sales,Sales Executive,4460,3,11,4,Yes,0,1,0
2050,23,Sales,Sales Executive,7890,1,16,2,Yes,1,0,0
2051,42,HR,HR Executive,4635,2,2,2,No,1,1,1
2052,44,HR,HR Executive,8017,3,14,4,No,1,0,0
2053,34,IT,System Administrator,5802,4,3,3,Yes,0,1,0
2054,49,Finance,Financial Analyst,8385,3,10,1,No,1,0,0
2055,45,Marketing,SEO Specialist,8683,1,14,2,Yes,1,1,1
2056,47,IT,Data Analyst,3745,1,5,3,No,0,1,0
2057,35,HR,HR Executive,8881,3,11,2,No,0,0,0
2058,43,IT,Software Engineer,5251,4,18,3,Yes,0,1,0
2059,55,IT,System Administrator,5281,1,17,3,Yes,1,1,1
2060,34,IT,Data Analyst,5114,1,15,4,Yes,1,1,1
2061,50,Sales,Sales Executive,4901,3,18,4,Yes,0,1,0
2062,22,Sales,Account Manager,7282,3,4,4,Yes,0,1,0
2063,26,Operations,Operations Manager,7349,1,13,3,No,1,1,1
2064,42,Finance,Accountant,7545,1,12,3,No,1,0,0
2065,23,IT,Software Engineer,5335,1,0,2,Yes,1,1,1
2066,27,HR,HR Executive,5065,3,17,1,Yes,1,0,0
2067,41,Sales,Sales Executive,4114,3,10,4,No,0,0,0
2068,29,Marketing,SEO Specialist,4534,3,4,4,No,0,0,0
2069,53,Marketing,SEO Specialist,5798,3,15,2,Yes,1,1,0
2070,44,Operations,Operations Manager,8075,2,20,2,Yes,0,1,0
2071,22,Sales,Sales Executive,8992,2,14,4,Yes,1,0,0
2072,55,IT,System Administrator,7710,3,9,4,Yes,0,0,0
2073,46,HR,HR Manager,7206,2,12,2,Yes,1,1,1
2074,41,HR,Recruiter,8228,1,4,4,Yes,0,0,0
2075,33,Sales,Sales Manager,5685,1,15,4,No,1,0,0
2076,44,Marketing,Marketing Executive,7034,2,4,4,No,1,0,0
2077,45,Finance,Financial Analyst,4301,1,20,4,No,0,1,0
2078,33,HR,HR Manager,8366,3,16,4,No,0,0,0
2079,29,Operations,Operations Manager,5298,1,1,1,No,0,0,0
2080,39,Marketing,Marketing Executive,5355,4,12,4,Yes,0,1,0
2081,32,Finance,Accountant,5167,3,20,3,No,0,0,0
2082,52,HR,Recruiter,6001,2,5,3,Yes,0,0,0
2083,31,IT,System Engineer,3604,4,13,3,Yes,0,1,0
2084,22,Sales,Sales Executive,8366,3,15,1,No,0,1,0
2085,23,Sales,Sales Executive,8147,3,7,2,Yes,0,0,0
2086,50,IT,Data Analyst,7519,3,17,3,No,1,1,0
2087,44,Finance,Accountant,5966,3,16,4,Yes,1,0,0
2088,36,HR,HR Manager,8901,2,11,4,Yes,0,1,0
2089,27,IT,System Administrator,5087,4,20,1,No,1,0,0
2090,43,IT,Data Analyst,6703,4,8,3,Yes,0,1,0
2091,49,Marketing,Marketing Executive,7227,3,9,1,Yes,1,0,0
2092,31,Finance,Financial Manager,7785,3,19,2,No,1,1,0
2093,22,Sales,Sales Manager,7218,1,6,3,Yes,0,1,0
2094,49,IT,Software Engineer,6385,1,1,3,Yes,1,1,1
2095,31,Marketing,Content Strategist,4204,3,4,2,No,0,1,0
2096,52,HR,HR Executive,6405,2,20,4,No,1,0,0
2097,41,IT,Data Analyst,4919,4,10,2,Yes,1,0,0
2098,34,Finance,Financial Manager,5966,3,2,3,No,0,1,0
2099,30,Finance,Accountant,7813,4,10,3,No,1,1,0
2100,48,Finance,Financial Analyst,7278,1,17,1,No,0,0,0
2101,37,Marketing,SEO Specialist,8254,3,4,3,Yes,1,0,0
2102,22,Finance,Financial Manager,7291,4,1,1,Yes,1,0,0
2103,40,IT,Software Engineer,8132,4,10,1,Yes,0,0,0
2104,53,Marketing,Marketing Executive,4617,2,20,2,No,1,0,0
2105,34,Finance,Financial Manager,4439,1,0,2,Yes,0,0,0
2106,52,HR,HR Executive,3701,4,12,1,Yes,1,1,0
2107,37,Finance,Accountant,7978,3,19,4,Yes,1,0,0
2108,33,Operations,Operations Manager,4660,2,5,2,No,1,1,1
2109,53,IT,Software Engineer,6509,3,12,4,Yes,1,1,0
2110,23,Finance,Accountant,5821,4,3,4,Yes,1,0,0
2111,50,Operations,Support Specialist,3849,3,4,4,No,1,0,0
2112,54,HR,HR Manager,7622,2,11,4,Yes,0,0,0
2113,51,IT,Data Analyst,4647,3,9,4,Yes,1,1,0
2114,33,Finance,Financial Manager,8218,3,4,3,No,1,0,0
2115,32,Sales,Sales Executive,5398,1,3,4,No,1,0,0
2116,28,Operations,Operations Manager,4925,4,13,1,Yes,1,0,0
2117,26,Sales,Account Manager,7117,3,19,1,Yes,1,0,0
2118,46,Operations,Process Analyst,4591,2,6,3,No,1,1,1
2119,32,HR,HR Executive,7055,2,2,1,Yes,0,0,0
2120,45,HR,HR Executive,6842,1,10,2,No,0,0,0
2121,54,Marketing,SEO Specialist,6384,3,19,2,Yes,1,1,0
2122,26,Operations,Process Analyst,8162,1,4,3,Yes,0,1,0
2123,43,HR,HR Executive,3684,2,9,3,No,1,0,0
2124,26,HR,HR Manager,7877,2,16,3,No,0,0,0
2125,38,Marketing,SEO Specialist,8851,1,1,3,No,1,0,0
2126,30,IT,Software Engineer,5173,3,1,2,No,0,0,0
2127,48,IT,Software Engineer,8400,1,17,4,Yes,1,0,0
2128,53,Sales,Sales Executive,7658,2,20,3,No,1,1,1
2129,25,HR,HR Executive,3715,2,17,4,Yes,1,0,0
2130,30,Finance,Financial Analyst,7020,4,17,2,Yes,1,0,0
2131,44,Marketing,SEO Specialist,5086,3,13,1,Yes,0,0,0
2132,36,Marketing,Marketing Executive,6883,1,0,2,Yes,0,0,0
2133,33,HR,HR Manager,5815,1,10,3,Yes,1,0,0
2134,52,Marketing,SEO Specialist,8886,1,2,1,No,0,1,0
2135,44,Operations,Support Specialist,5304,4,9,3,No,0,1,0
2136,25,IT,Software Engineer,6339,4,19,4,No,0,0,0
2137,36,HR,Recruiter,5998,2,3,3,Yes,0,0,0
2138,51,Operations,Process Analyst,4435,1,15,1,No,1,1,1
2139,25,IT,Software Engineer,5786,4,15,1,No,1,1,0
2140,35,Sales,Sales Executive,6607,2,13,1,No,0,1,0
2141,43,Sales,Account Manager,5650,2,0,3,No,1,0,0
2142,46,Sales,Account Manager,5854,4,13,3,Yes,1,1,0
2143,30,Operations,Operations Manager,3624,3,8,1,Yes,1,1,0
2144,24,Marketing,SEO Specialist,8542,3,11,3,No,0,0,0
2145,38,IT,Data Analyst,4964,4,14,1,No,0,1,0
2146,52,Sales,Sales Manager,8724,2,13,1,Yes,1,1,1
2147,33,Sales,Sales Manager,5613,3,8,4,Yes,0,0,0
2148,25,HR,Recruiter,5406,1,20,1,Yes,1,1,1
2149,36,Sales,Account Manager,3998,3,8,1,No,0,0,0
2150,26,IT,Software Engineer,7652,4,3,1,Yes,0,1,0
2151,48,Marketing,SEO Specialist,4084,4,9,2,Yes,1,1,0
2152,45,IT,System Engineer,7355,3,19,1,Yes,1,0,0
2153,23,IT,System Administrator,4370,2,10,3,Yes,1,0,0
2154,31,Operations,Support Specialist,6621,1,2,2,No,0,0,0
2155,55,Marketing,SEO Specialist,7762,4,10,3,Yes,1,0,0
2156,45,IT,System Administrator,5391,4,10,1,Yes,1,1,0
2157,44,IT,Software Engineer,8091,1,11,4,Yes,1,1,1
2158,30,HR,Recruiter,7904,2,13,2,No,1,1,1
2159,27,IT,Software Engineer,6846,4,16,2,No,0,0,0
2160,32,Finance,Accountant,4489,4,8,4,Yes,0,0,0
2161,32,Finance,Accountant,4098,2,16,4,No,1,0,0
2162,37,Finance,Financial Manager,5903,1,10,3,Yes,0,0,0
2163,50,Operations,Process Analyst,6849,4,13,3,No,0,0,0
2164,54,Operations,Support Specialist,4186,2,0,3,No,1,1,1
2165,54,Finance,Accountant,8317,3,3,2,No,1,1,0
2166,55,Sales,Account Manager,7802,4,9,3,No,1,0,0
2167,35,HR,HR Executive,7026,3,18,3,Yes,1,1,0
2168,40,HR,HR Executive,5743,4,14,2,Yes,1,1,0
2169,36,Marketing,Marketing Executive,8959,3,4,1,Yes,0,0,0
2170,34,Marketing,Marketing Executive,3554,4,0,3,Yes,1,1,0
2171,55,Operations,Process Analyst,4533,4,9,1,Yes,1,1,0
2172,27,Finance,Financial Analyst,4620,3,3,3,Yes,0,0,0
2173,54,IT,System Administrator,6247,3,14,1,No,0,1,0
2174,55,Sales,Account Manager,6101,2,17,1,Yes,0,0,0
2175,36,Marketing,SEO Specialist,5102,3,15,2,No,0,1,0
2176,34,IT,System Administrator,8700,1,16,2,Yes,1,0,0
2177,35,Finance,Financial Manager,4959,1,13,3,No,0,1,0
2178,33,Finance,Financial Manager,5958,2,9,4,No,1,1,1
2179,40,Marketing,SEO Specialist,4290,2,3,3,No,1,1,1
2180,49,HR,Recruiter,4448,2,14,3,Yes,1,1,1
2181,52,Operations,Operations Manager,7507,4,7,1,No,1,0,0
2182,42,Finance,Accountant,5643,3,13,4,No,1,1,0
2183,39,IT,Software Engineer,7477,2,10,1,No,1,1,1
2184,32,HR,Recruiter,7891,2,20,1,No,0,0,0
2185,46,Operations,Operations Manager,4239,3,11,1,Yes,0,1,0
2186,32,Marketing,Marketing Executive,7888,4,7,3,Yes,1,1,0
2187,37,Finance,Accountant,3611,1,0,1,No,1,0,0
2188,41,HR,HR Manager,3698,2,20,2,Yes,1,0,0
2189,47,Finance,Financial Manager,4574,3,2,1,Yes,1,0,0
2190,31,Sales,Account Manager,4282,4,6,3,No,1,0,0
2191,51,IT,Data Analyst,5160,1,8,4,No,1,1,1
2192,48,Sales,Sales Executive,8095,3,15,3,Yes,1,0,0
2193,47,Finance,Financial Manager,6553,1,14,2,Yes,1,0,0
2194,52,Finance,Financial Analyst,8113,1,20,3,No,0,0,0
2195,32,Sales,Account Manager,5201,4,18,2,Yes,0,1,0
2196,55,Marketing,SEO Specialist,8141,2,1,4,No,1,1,1
2197,31,Operations,Process Analyst,3799,3,18,4,Yes,1,0,0
2198,53,Marketing,SEO Specialist,6064,2,10,4,No,0,0,0
2199,26,Finance,Financial Manager,6577,2,0,2,Yes,0,0,0
2200,24,Finance,Accountant,6974,4,5,4,Yes,1,1,0
